squared_error,mean_squared_error
98126.8189439281,295.562707662434
